COD_DANE,COD_DEPARTAMENTO,DEPARTAMENTO,COD_MUNICIPIO,MUNICIPIO,FECHA1erFIS
91001,91,AMAZONAS,001,LETICIA,3/31/2020
91405,91,AMAZONAS,405,LA CHORRERA,6/15/2020
91407,91,AMAZONAS,407,LA PEDRERA,7/17/2020
91540,91,AMAZONAS,540,PUERTO NARIÑO,4/15/2020
91669,91,AMAZONAS,669,PUERTO SANTANDER,6/24/2020
91798,91,AMAZONAS,798,TARAPACÁ,6/21/2020
05001,05,ANTIOQUIA,001,MEDELLÍN,2/29/2020
05002,05,ANTIOQUIA,002,ABEJORRAL,7/5/2020
05004,05,ANTIOQUIA,004,ABRIAQUÍ,7/6/2020
05021,05,ANTIOQUIA,021,ALEJANDRÍA,7/26/2020
05030,05,ANTIOQUIA,030,AMAGÁ,4/9/2020
13030,13,BOLÍVAR,030,ALTOS DEL ROSARIO,7/12/2020
05031,05,ANTIOQUIA,031,AMALFI,7/4/2020
05034,05,ANTIOQUIA,034,ANDES,4/4/2020
05036,05,ANTIOQUIA,036,ANGELÓPOLIS,7/27/2020
05038,05,ANTIOQUIA,038,ANGOSTURA,3/18/2020
05040,05,ANTIOQUIA,040,ANORÍ,7/6/2020
05044,05,ANTIOQUIA,044,ANZÁ,6/10/2020
05045,05,ANTIOQUIA,045,APARTADÓ,3/14/2020
05051,05,ANTIOQUIA,051,ARBOLETES,5/10/2020
05059,05,ANTIOQUIA,059,ARMENIA,7/1/2020
13074,13,BOLÍVAR,074,BARRANCO DE LOBA,3/12/2020
05086,05,ANTIOQUIA,086,BELMIRA,7/9/2020
05091,05,ANTIOQUIA,091,BETANIA,7/28/2020
05093,05,ANTIOQUIA,093,BETULIA,6/23/2020
05101,05,ANTIOQUIA,101,CIUDAD BOLÍVAR,6/20/2020
05107,05,ANTIOQUIA,107,BRICEÑO,5/19/2020
05113,05,ANTIOQUIA,113,BURITICÁ,4/1/2020
05120,05,ANTIOQUIA,120,CÁCERES,3/10/2020
05125,05,ANTIOQUIA,125,CAICEDO,6/24/2020
05129,05,ANTIOQUIA,129,CALDAS,3/20/2020
05134,05,ANTIOQUIA,134,CAMPAMENTO,7/2/2020
05142,05,ANTIOQUIA,142,CARACOLÍ,6/18/2020
05145,05,ANTIOQUIA,145,CARAMANTA,7/24/2020
05147,05,ANTIOQUIA,147,CAREPA,3/10/2020
05148,05,ANTIOQUIA,148,EL CARMEN DE VIBORAL,4/24/2020
05150,05,ANTIOQUIA,150,CAROLINA,7/14/2020
05154,05,ANTIOQUIA,154,CAUCASIA,5/9/2020
05172,05,ANTIOQUIA,172,CHIGORODÓ,5/27/2020
05190,05,ANTIOQUIA,190,CISNEROS,5/7/2020
05197,05,ANTIOQUIA,197,COCORNÁ,3/30/2020
05209,05,ANTIOQUIA,209,CONCORDIA,7/6/2020
05234,05,ANTIOQUIA,234,DABEIBA,6/2/2020
05237,05,ANTIOQUIA,237,DONMATÍAS,3/26/2020
05240,05,ANTIOQUIA,240,EBÉJICO,6/20/2020
47245,47,MAGDALENA,245,EL BANCO,4/8/2020
05250,05,ANTIOQUIA,250,EL BAGRE,5/8/2020
05264,05,ANTIOQUIA,264,ENTRERRÍOS,7/1/2020
05266,05,ANTIOQUIA,266,ENVIGADO,3/11/2020
13268,13,BOLÍVAR,268,EL PEÑÓN,7/13/2020
05282,05,ANTIOQUIA,282,FREDONIA,7/7/2020
05306,05,ANTIOQUIA,306,GIRALDO,5/28/2020
05310,05,ANTIOQUIA,310,GÓMEZ PLATA,7/6/2020
05313,05,ANTIOQUIA,313,GRANADA,4/6/2020
05315,05,ANTIOQUIA,315,GUADALUPE,7/22/2020
05318,05,ANTIOQUIA,318,GUARNE,3/13/2020
66318,66,RISARALDA,318,GUÁTICA,8/6/2020
05321,05,ANTIOQUIA,321,GUATAPÉ,3/10/2020
05347,05,ANTIOQUIA,347,HELICONIA,6/26/2020
05353,05,ANTIOQUIA,353,HISPANIA,6/7/2020
05360,05,ANTIOQUIA,360,ITAGÜÍ,3/6/2020
05364,05,ANTIOQUIA,364,JARDÍN,7/25/2020
05368,05,ANTIOQUIA,368,JERICÓ,5/21/2020
05376,05,ANTIOQUIA,376,LA CEJA,3/20/2020
05380,05,ANTIOQUIA,380,LA ESTRELLA,3/14/2020
17388,17,CALDAS,388,LA MERCED,7/26/2020
05390,05,ANTIOQUIA,390,LA PINTADA,7/13/2020
05400,05,ANTIOQUIA,400,LA UNIÓN,7/4/2020
05411,05,ANTIOQUIA,411,LIBORINA,7/6/2020
05425,05,ANTIOQUIA,425,MACEO,5/20/2020
05440,05,ANTIOQUIA,440,MARINILLA,5/16/2020
17442,17,CALDAS,442,MARMATO,4/22/2020
20443,20,CESAR,443,MANAURE BALCÓN DEL CESAR,6/8/2020
05467,05,ANTIOQUIA,467,MONTEBELLO,3/19/2020
05475,05,ANTIOQUIA,475,MURINDÓ,6/10/2020
05480,05,ANTIOQUIA,480,MUTATÁ,6/19/2020
05490,05,ANTIOQUIA,490,NECOCLÍ,6/12/2020
05495,05,ANTIOQUIA,495,NECHÍ,5/4/2020
05501,05,ANTIOQUIA,501,OLAYA,7/5/2020
19533,19,CAUCA,533,PIAMONTE,8/22/2020
05541,05,ANTIOQUIA,541,PEÑOL,7/9/2020
15572,15,BOYACÁ,572,PUERTO BOYACÁ,6/22/2020
05576,05,ANTIOQUIA,576,PUEBLORRICO,1/1/2025
05579,05,ANTIOQUIA,579,PUERTO BERRÍO,6/24/2020
05585,05,ANTIOQUIA,585,PUERTO NARE,6/27/2020
05591,05,ANTIOQUIA,591,PUERTO TRIUNFO,6/20/2020
66594,66,RISARALDA,594,QUINCHÍA,7/17/2020
05604,05,ANTIOQUIA,604,REMEDIOS,6/19/2020
05607,05,ANTIOQUIA,607,RETIRO,3/7/2020
17614,17,CALDAS,614,RIOSUCIO,5/1/2020
05615,05,ANTIOQUIA,615,RIONEGRO,3/9/2020
20621,20,CESAR,621,LA PAZ,4/11/2020
05628,05,ANTIOQUIA,628,SABANALARGA,7/8/2020
05631,05,ANTIOQUIA,631,SABANETA,3/14/2020
05642,05,ANTIOQUIA,642,SALGAR,5/29/2020
05647,05,ANTIOQUIA,647,SAN ANDRÉS DE CUERQUÍA,7/25/2020
05649,05,ANTIOQUIA,649,SAN CARLOS,6/24/2020
05652,05,ANTIOQUIA,652,SAN FRANCISCO,3/22/2020
05656,05,ANTIOQUIA,656,SAN JERÓNIMO,7/6/2020
05659,05,ANTIOQUIA,659,SAN JUAN DE URABÁ,6/1/2020
05660,05,ANTIOQUIA,660,SAN LUIS,6/30/2020
05664,05,ANTIOQUIA,664,SAN PEDRO DE LOS MILAGROS,6/27/2020
05665,05,ANTIOQUIA,665,SAN PEDRO DE URABÁ,4/11/2020
05667,05,ANTIOQUIA,667,SAN RAFAEL,6/30/2020
13667,13,BOLÍVAR,667,SAN MARTÍN DE LOBA,7/21/2020
05670,05,ANTIOQUIA,670,SAN ROQUE,5/29/2020
05674,05,ANTIOQUIA,674,SAN VICENTE FERRER,6/26/2020
05679,05,ANTIOQUIA,679,SANTA BÁRBARA,6/21/2020
05686,05,ANTIOQUIA,686,SANTA ROSA DE OSOS,3/16/2020
05690,05,ANTIOQUIA,690,SANTO DOMINGO,6/24/2020
05697,05,ANTIOQUIA,697,EL SANTUARIO,3/25/2020
19701,19,CAUCA,701,SANTA ROSA,7/22/2020
05736,05,ANTIOQUIA,736,SEGOVIA,6/20/2020
20750,20,CESAR,750,SAN DIEGO,3/19/2020
05761,05,ANTIOQUIA,761,SOPETRÁN,6/24/2020
17777,17,CALDAS,777,SUPÍA,5/28/2020
05789,05,ANTIOQUIA,789,TÁMESIS,5/22/2020
05790,05,ANTIOQUIA,790,TARAZÁ,5/20/2020
05792,05,ANTIOQUIA,792,TARSO,7/9/2020
05809,05,ANTIOQUIA,809,TITIRIBÍ,7/2/2020
05837,05,ANTIOQUIA,837,TURBO,5/9/2020
05847,05,ANTIOQUIA,847,URRAO,6/24/2020
05854,05,ANTIOQUIA,854,VALDIVIA,5/18/2020
05856,05,ANTIOQUIA,856,VALPARAÍSO,6/26/2020
05858,05,ANTIOQUIA,858,VEGACHÍ,8/13/2020
05861,05,ANTIOQUIA,861,VENECIA,6/22/2020
05873,05,ANTIOQUIA,873,VIGÍA DEL FUERTE,5/30/2020
05885,05,ANTIOQUIA,885,YALÍ,8/29/2020
05890,05,ANTIOQUIA,890,YOLOMBÓ,5/20/2020
05893,05,ANTIOQUIA,893,YONDÓ,7/21/2020
81001,81,ARAUCA,001,ARAUCA,4/24/2020
81065,81,ARAUCA,065,ARAUQUITA,5/30/2020
81300,81,ARAUCA,300,FORTUL,7/20/2020
81736,81,ARAUCA,736,SARAVENA,5/17/2020
81794,81,ARAUCA,794,TAME,5/28/2020
88001,88,"ARCHIPIÉLAGO DE SAN ANDRÉS, PROVIDENCIA Y SANTA CATALINA",001,SAN ANDRÉS,3/22/2020
88564,88,"ARCHIPIÉLAGO DE SAN ANDRÉS, PROVIDENCIA Y SANTA CATALINA",564,PROVIDENCIA,5/6/2020
08078,08,ATLÁNTICO,078,BARANOA,4/4/2020
08137,08,ATLÁNTICO,137,CAMPO DE LA CRUZ,5/4/2020
08141,08,ATLÁNTICO,141,CANDELARIA,5/4/2020
08296,08,ATLÁNTICO,296,GALAPA,3/17/2020
08372,08,ATLÁNTICO,372,JUAN DE ACOSTA,5/1/2020
08421,08,ATLÁNTICO,421,LURUACO,5/1/2020
08433,08,ATLÁNTICO,433,MALAMBO,4/2/2020
08436,08,ATLÁNTICO,436,MANATÍ,4/16/2020
08520,08,ATLÁNTICO,520,PALMAR DE VARELA,4/13/2020
08549,08,ATLÁNTICO,549,PIOJÓ,5/14/2020
08558,08,ATLÁNTICO,558,POLONUEVO,3/19/2020
08560,08,ATLÁNTICO,560,PONEDERA,3/21/2020
08573,08,ATLÁNTICO,573,PUERTO COLOMBIA,3/15/2020
08606,08,ATLÁNTICO,606,REPELÓN,4/27/2020
08634,08,ATLÁNTICO,634,SABANAGRANDE,3/3/2020
08638,08,ATLÁNTICO,638,SABANALARGA,4/19/2020
08675,08,ATLÁNTICO,675,SANTA LUCÍA,4/22/2020
08685,08,ATLÁNTICO,685,SANTO TOMÁS,3/13/2020
08758,08,ATLÁNTICO,758,SOLEDAD,3/15/2020
08770,08,ATLÁNTICO,770,SUAN,5/26/2020
08832,08,ATLÁNTICO,832,TUBARÁ,5/10/2020
08849,08,ATLÁNTICO,849,USIACURÍ,5/7/2020
08001,08,ATLÁNTICO,001,BARRANQUILLA,3/6/2020
11001,11,"BOGOTÁ, D.C.",001,"BOGOTÁ, D.C.",2/27/2020
05658,05,ANTIOQUIA,658,SAN JOSÉ DE LA MONTAÑA,6/29/2020
13006,13,BOLÍVAR,006,ACHÍ,6/15/2020
13042,13,BOLÍVAR,042,ARENAL,4/27/2020
13052,13,BOLÍVAR,052,ARJONA,3/19/2020
13062,13,BOLÍVAR,062,ARROYOHONDO,6/17/2020
13140,13,BOLÍVAR,140,CALAMAR,4/8/2020
13160,13,BOLÍVAR,160,CANTAGALLO,7/3/2020
13188,13,BOLÍVAR,188,CICUCO,6/7/2020
13212,13,BOLÍVAR,212,CÓRDOBA,6/26/2020
13222,13,BOLÍVAR,222,CLEMENCIA,5/7/2020
13244,13,BOLÍVAR,244,EL CARMEN DE BOLÍVAR,5/24/2020
13248,13,BOLÍVAR,248,EL GUAMO,7/24/2020
13300,13,BOLÍVAR,300,HATILLO DE LOBA,6/24/2020
13430,13,BOLÍVAR,430,MAGANGUÉ,4/30/2020
13433,13,BOLÍVAR,433,MAHATES,5/19/2020
13440,13,BOLÍVAR,440,MARGARITA,7/14/2020
13442,13,BOLÍVAR,442,MARÍA LA BAJA,4/24/2020
13458,13,BOLÍVAR,458,MONTECRISTO,6/18/2020
13468,13,BOLÍVAR,468,SANTA CRUZ DE MOMPOX,5/15/2020
13473,13,BOLÍVAR,473,MORALES,6/17/2020
13490,13,BOLÍVAR,490,NOROSÍ,6/30/2020
13549,13,BOLÍVAR,549,PINILLOS,6/2/2020
13580,13,BOLÍVAR,580,REGIDOR,7/15/2020
13600,13,BOLÍVAR,600,RÍO VIEJO,7/25/2020
13620,13,BOLÍVAR,620,SAN CRISTÓBAL,4/5/2020
13647,13,BOLÍVAR,647,SAN ESTANISLAO,6/10/2020
13650,13,BOLÍVAR,650,SAN FERNANDO,8/15/2020
13654,13,BOLÍVAR,654,SAN JACINTO,6/12/2020
13655,13,BOLÍVAR,655,SAN JACINTO DEL CAUCA,7/6/2020
13657,13,BOLÍVAR,657,SAN JUAN NEPOMUCENO,5/23/2020
13670,13,BOLÍVAR,670,SAN PABLO,5/21/2020
13673,13,BOLÍVAR,673,SANTA CATALINA,5/11/2020
13683,13,BOLÍVAR,683,SANTA ROSA,4/17/2020
13688,13,BOLÍVAR,688,SANTA ROSA DEL SUR,5/22/2020
13744,13,BOLÍVAR,744,SIMITÍ,8/10/2020
13760,13,BOLÍVAR,760,SOPLAVIENTO,6/13/2020
13780,13,BOLÍVAR,780,TALAIGUA NUEVO,7/2/2020
13810,13,BOLÍVAR,810,TIQUISIO,6/1/2020
13836,13,BOLÍVAR,836,TURBACO,3/15/2020
13838,13,BOLÍVAR,838,TURBANÁ,4/24/2020
13873,13,BOLÍVAR,873,VILLANUEVA,4/10/2020
13894,13,BOLÍVAR,894,ZAMBRANO,6/17/2020
13001,13,BOLÍVAR,001,CARTAGENA DE INDIAS,3/1/2020
73024,73,TOLIMA,024,ALPUJARRA,7/4/2020
73236,73,TOLIMA,236,DOLORES,7/6/2020
73483,73,TOLIMA,483,NATAGAIMA,6/8/2020
05138,05,ANTIOQUIA,138,CAÑASGORDAS,5/29/2020
15001,15,BOYACÁ,001,TUNJA,3/18/2020
15047,15,BOYACÁ,047,AQUITANIA,4/10/2020
15051,15,BOYACÁ,051,ARCABUCO,7/8/2020
15087,15,BOYACÁ,087,BELÉN,7/10/2020
15097,15,BOYACÁ,097,BOAVITA,8/12/2020
15104,15,BOYACÁ,104,BOYACÁ,8/12/2020
15106,15,BOYACÁ,106,BRICEÑO,7/21/2020
15109,15,BOYACÁ,109,BUENAVISTA,5/26/2020
15131,15,BOYACÁ,131,CALDAS,4/22/2020
15162,15,BOYACÁ,162,CERINZA,8/12/2020
15176,15,BOYACÁ,176,CHIQUINQUIRÁ,4/20/2020
15180,15,BOYACÁ,180,CHISCAS,8/3/2020
15183,15,BOYACÁ,183,CHITA,8/6/2020
15185,15,BOYACÁ,185,CHITARAQUE,8/8/2020
15187,15,BOYACÁ,187,CHIVATÁ,8/12/2020
15189,15,BOYACÁ,189,CIÉNEGA,7/31/2020
15204,15,BOYACÁ,204,CÓMBITA,5/1/2020
15212,15,BOYACÁ,212,COPER,5/17/2020
15215,15,BOYACÁ,215,CORRALES,5/22/2020
15218,15,BOYACÁ,218,COVARACHÍA,6/24/2020
15223,15,BOYACÁ,223,CUBARÁ,4/23/2020
15224,15,BOYACÁ,224,CUCAITA,5/5/2020
15226,15,BOYACÁ,226,CUÍTIVA,7/23/2020
15232,15,BOYACÁ,232,CHÍQUIZA,7/20/2020
15238,15,BOYACÁ,238,DUITAMA,4/20/2020
15244,15,BOYACÁ,244,EL COCUY,8/7/2020
15248,15,BOYACÁ,248,EL ESPINO,8/6/2020
15272,15,BOYACÁ,272,FIRAVITOBA,5/27/2020
15293,15,BOYACÁ,293,GACHANTIVÁ,8/11/2020
15296,15,BOYACÁ,296,GÁMEZA,7/31/2020
15299,15,BOYACÁ,299,GARAGOA,3/22/2020
15317,15,BOYACÁ,317,GUACAMAYAS,8/4/2020
15322,15,BOYACÁ,322,GUATEQUE,5/12/2020
15325,15,BOYACÁ,325,GUAYATÁ,6/5/2020
15362,15,BOYACÁ,362,IZA,7/21/2020
15367,15,BOYACÁ,367,JENESANO,8/11/2020
15368,15,BOYACÁ,368,JERICÓ,8/11/2020
15380,15,BOYACÁ,380,LA CAPILLA,8/29/2020
15403,15,BOYACÁ,403,LA UVITA,7/13/2020
15407,15,BOYACÁ,407,VILLA DE LEYVA,4/23/2020
15425,15,BOYACÁ,425,MACANAL,8/23/2020
15442,15,BOYACÁ,442,MARIPÍ,6/28/2020
15455,15,BOYACÁ,455,MIRAFLORES,5/5/2020
15464,15,BOYACÁ,464,MONGUA,8/28/2020
15466,15,BOYACÁ,466,MONGUÍ,7/10/2020
15469,15,BOYACÁ,469,MONIQUIRÁ,4/20/2020
15476,15,BOYACÁ,476,MOTAVITA,7/24/2020
15480,15,BOYACÁ,480,MUZO,4/30/2020
15491,15,BOYACÁ,491,NOBSA,6/23/2020
15494,15,BOYACÁ,494,NUEVO COLÓN,5/17/2020
15500,15,BOYACÁ,500,OICATÁ,3/25/2020
15507,15,BOYACÁ,507,OTANCHE,8/5/2020
15511,15,BOYACÁ,511,PACHAVITA,7/25/2020
15516,15,BOYACÁ,516,PAIPA,4/19/2020
15518,15,BOYACÁ,518,PAJARITO,8/5/2020
15522,15,BOYACÁ,522,PANQUEBA,8/7/2020
15531,15,BOYACÁ,531,PAUNA,5/17/2020
15533,15,BOYACÁ,533,PAYA,5/14/2020
15537,15,BOYACÁ,537,PAZ DE RÍO,8/2/2020
15542,15,BOYACÁ,542,PESCA,7/27/2020
15580,15,BOYACÁ,580,QUÍPAMA,7/26/2020
15599,15,BOYACÁ,599,RAMIRIQUÍ,6/19/2020
15600,15,BOYACÁ,600,RÁQUIRA,8/4/2020
15632,15,BOYACÁ,632,SABOYÁ,7/13/2020
15638,15,BOYACÁ,638,SÁCHICA,9/15/2020
15646,15,BOYACÁ,646,SAMACÁ,4/23/2020
15664,15,BOYACÁ,664,SAN JOSÉ DE PARE,7/31/2020
15667,15,BOYACÁ,667,SAN LUIS DE GACENO,8/13/2020
15676,15,BOYACÁ,676,SAN MIGUEL DE SEMA,5/13/2020
15681,15,BOYACÁ,681,SAN PABLO DE BORBUR,7/26/2020
15686,15,BOYACÁ,686,SANTANA,3/13/2020
15690,15,BOYACÁ,690,SANTA MARÍA,8/3/2020
15693,15,BOYACÁ,693,SANTA ROSA DE VITERBO,5/4/2020
15696,15,BOYACÁ,696,SANTA SOFÍA,3/28/2020
15720,15,BOYACÁ,720,SATIVANORTE,8/2/2020
15723,15,BOYACÁ,723,SATIVASUR,8/1/2020
15740,15,BOYACÁ,740,SIACHOQUE,6/25/2020
15753,15,BOYACÁ,753,SOATÁ,7/5/2020
15757,15,BOYACÁ,757,SOCHA,3/23/2020
15759,15,BOYACÁ,759,SOGAMOSO,3/25/2020
15763,15,BOYACÁ,763,SOTAQUIRÁ,7/30/2020
15764,15,BOYACÁ,764,SORACÁ,6/30/2020
15774,15,BOYACÁ,774,SUSACÓN,6/13/2020
15776,15,BOYACÁ,776,SUTAMARCHÁN,5/10/2020
15790,15,BOYACÁ,790,TASCO,5/19/2020
15798,15,BOYACÁ,798,TENZA,3/29/2020
15804,15,BOYACÁ,804,TIBANÁ,6/26/2020
15806,15,BOYACÁ,806,TIBASOSA,7/2/2020
15808,15,BOYACÁ,808,TINJACÁ,5/7/2020
15810,15,BOYACÁ,810,TIPACOQUE,5/11/2020
15814,15,BOYACÁ,814,TOCA,5/26/2020
15816,15,BOYACÁ,816,TOGÜÍ,3/21/2020
15820,15,BOYACÁ,820,TÓPAGA,8/5/2020
15822,15,BOYACÁ,822,TOTA,8/6/2020
15832,15,BOYACÁ,832,TUNUNGUÁ,8/26/2020
15835,15,BOYACÁ,835,TURMEQUÉ,4/27/2020
15837,15,BOYACÁ,837,TUTA,6/24/2020
15842,15,BOYACÁ,842,ÚMBITA,7/22/2020
15861,15,BOYACÁ,861,VENTAQUEMADA,5/7/2020
15879,15,BOYACÁ,879,VIRACACHÁ,5/8/2020
15897,15,BOYACÁ,897,ZETAQUIRA,7/25/2020
05042,05,ANTIOQUIA,042,SANTA FÉ DE ANTIOQUIA,6/5/2020
05055,05,ANTIOQUIA,055,ARGELIA,7/16/2020
05756,05,ANTIOQUIA,756,SONSÓN,4/3/2020
17001,17,CALDAS,001,MANIZALES,3/12/2020
17013,17,CALDAS,013,AGUADAS,5/1/2020
17042,17,CALDAS,042,ANSERMA,3/27/2020
17050,17,CALDAS,050,ARANZAZU,6/13/2020
17088,17,CALDAS,088,BELALCÁZAR,7/17/2020
17174,17,CALDAS,174,CHINCHINÁ,3/14/2020
17272,17,CALDAS,272,FILADELFIA,8/21/2020
17380,17,CALDAS,380,LA DORADA,3/13/2020
17433,17,CALDAS,433,MANZANARES,5/3/2020
17444,17,CALDAS,444,MARQUETALIA,4/27/2020
17446,17,CALDAS,446,MARULANDA,9/2/2020
17486,17,CALDAS,486,NEIRA,5/24/2020
17495,17,CALDAS,495,NORCASIA,4/25/2020
17513,17,CALDAS,513,PÁCORA,7/6/2020
17524,17,CALDAS,524,PALESTINA,7/7/2020
17541,17,CALDAS,541,PENSILVANIA,7/19/2020
17616,17,CALDAS,616,RISARALDA,4/20/2020
17653,17,CALDAS,653,SALAMINA,7/15/2020
17662,17,CALDAS,662,SAMANÁ,4/20/2020
17665,17,CALDAS,665,SAN JOSÉ,8/21/2020
17867,17,CALDAS,867,VICTORIA,7/20/2020
17873,17,CALDAS,873,VILLAMARÍA,3/14/2020
17877,17,CALDAS,877,VITERBO,3/15/2020
18001,18,CAQUETÁ,001,FLORENCIA,3/25/2020
18029,18,CAQUETÁ,029,ALBANIA,6/21/2020
18094,18,CAQUETÁ,094,BELÉN DE LOS ANDAQUÍES,7/1/2020
18150,18,CAQUETÁ,150,CARTAGENA DEL CHAIRÁ,6/26/2020
18205,18,CAQUETÁ,205,CURILLO,7/16/2020
18247,18,CAQUETÁ,247,EL DONCELLO,6/26/2020
18256,18,CAQUETÁ,256,EL PAUJÍL,7/1/2020
18410,18,CAQUETÁ,410,LA MONTAÑITA,7/5/2020
18460,18,CAQUETÁ,460,MILÁN,7/17/2020
18479,18,CAQUETÁ,479,MORELIA,7/13/2020
18592,18,CAQUETÁ,592,PUERTO RICO,6/24/2020
18610,18,CAQUETÁ,610,SAN JOSÉ DEL FRAGUA,6/27/2020
18753,18,CAQUETÁ,753,SAN VICENTE DEL CAGUÁN,4/22/2020
18756,18,CAQUETÁ,756,SOLANO,7/13/2020
18785,18,CAQUETÁ,785,SOLITA,6/17/2020
41206,41,HUILA,206,COLOMBIA,7/14/2020
85001,85,CASANARE,001,YOPAL,3/17/2020
85010,85,CASANARE,010,AGUAZUL,6/9/2020
85125,85,CASANARE,125,HATO COROZAL,7/19/2020
85139,85,CASANARE,139,MANÍ,6/8/2020
85162,85,CASANARE,162,MONTERREY,7/6/2020
85230,85,CASANARE,230,OROCUÉ,6/23/2020
85250,85,CASANARE,250,PAZ DE ARIPORO,4/20/2020
85263,85,CASANARE,263,PORE,6/15/2020
85279,85,CASANARE,279,RECETOR,8/20/2020
85315,85,CASANARE,315,SÁCAMA,9/12/2020
85325,85,CASANARE,325,SAN LUIS DE PALENQUE,7/30/2020
85410,85,CASANARE,410,TAURAMENA,5/8/2020
85430,85,CASANARE,430,TRINIDAD,7/17/2020
85440,85,CASANARE,440,VILLANUEVA,5/4/2020
19001,19,CAUCA,001,POPAYÁN,3/9/2020
19050,19,CAUCA,050,ARGELIA,6/15/2020
19075,19,CAUCA,075,BALBOA,6/9/2020
19100,19,CAUCA,100,BOLÍVAR,8/4/2020
19110,19,CAUCA,110,BUENOS AIRES,5/5/2020
19130,19,CAUCA,130,CAJIBÍO,6/6/2020
19137,19,CAUCA,137,CALDONO,6/9/2020
19142,19,CAUCA,142,CALOTO,4/24/2020
19212,19,CAUCA,212,CORINTO,6/18/2020
19256,19,CAUCA,256,EL TAMBO,4/1/2020
19290,19,CAUCA,290,FLORENCIA,7/19/2020
19300,19,CAUCA,300,GUACHENÉ,3/28/2020
19318,19,CAUCA,318,GUAPI,5/25/2020
19355,19,CAUCA,355,INZÁ,7/22/2020
19364,19,CAUCA,364,JAMBALÓ,7/18/2020
19392,19,CAUCA,392,LA SIERRA,7/5/2020
19397,19,CAUCA,397,LA VEGA,8/2/2020
19418,19,CAUCA,418,LÓPEZ DE MICAY,4/20/2020
19450,19,CAUCA,450,MERCADERES,6/11/2020
19455,19,CAUCA,455,MIRANDA,3/25/2020
19473,19,CAUCA,473,MORALES,6/28/2020
19513,19,CAUCA,513,PADILLA,6/5/2020
19517,19,CAUCA,517,PÁEZ,7/9/2020
19532,19,CAUCA,532,PATÍA,5/17/2020
19548,19,CAUCA,548,PIENDAMÓ - TUNÍA,4/20/2020
19573,19,CAUCA,573,PUERTO TEJADA,4/1/2020
19585,19,CAUCA,585,PURACÉ,7/28/2020
19622,19,CAUCA,622,ROSAS,6/22/2020
19698,19,CAUCA,698,SANTANDER DE QUILICHAO,3/21/2020
19743,19,CAUCA,743,SILVIA,5/27/2020
19760,19,CAUCA,760,SOTARÁ - PAISPAMBA,7/24/2020
19780,19,CAUCA,780,SUÁREZ,6/29/2020
19785,19,CAUCA,785,SUCRE,7/23/2020
19807,19,CAUCA,807,TIMBÍO,3/28/2020
19809,19,CAUCA,809,TIMBIQUÍ,5/1/2020
19821,19,CAUCA,821,TORIBÍO,7/10/2020
19824,19,CAUCA,824,TOTORÓ,4/30/2020
19845,19,CAUCA,845,VILLA RICA,4/18/2020
41799,41,HUILA,799,TELLO,5/31/2020
41872,41,HUILA,872,VILLAVIEJA,7/10/2020
05284,05,ANTIOQUIA,284,FRONTINO,3/15/2020
05842,05,ANTIOQUIA,842,URAMITA,7/5/2020
18860,18,CAQUETÁ,860,VALPARAÍSO,7/8/2020
20001,20,CESAR,001,VALLEDUPAR,3/14/2020
20011,20,CESAR,011,AGUACHICA,4/5/2020
20013,20,CESAR,013,AGUSTÍN CODAZZI,4/8/2020
20032,20,CESAR,032,ASTREA,6/12/2020
20045,20,CESAR,045,BECERRIL,5/18/2020
20060,20,CESAR,060,BOSCONIA,4/11/2020
20175,20,CESAR,175,CHIMICHAGUA,6/8/2020
20178,20,CESAR,178,CHIRIGUANÁ,4/23/2020
20228,20,CESAR,228,CURUMANÍ,5/25/2020
20238,20,CESAR,238,EL COPEY,5/21/2020
20250,20,CESAR,250,EL PASO,5/12/2020
20295,20,CESAR,295,GAMARRA,6/5/2020
20310,20,CESAR,310,GONZÁLEZ,5/11/2020
20383,20,CESAR,383,LA GLORIA,6/4/2020
20400,20,CESAR,400,LA JAGUA DE IBIRICO,4/17/2020
20517,20,CESAR,517,PAILITAS,5/31/2020
20550,20,CESAR,550,PELAYA,5/31/2020
20570,20,CESAR,570,PUEBLO BELLO,5/25/2020
20614,20,CESAR,614,RÍO DE ORO,4/14/2020
20710,20,CESAR,710,SAN ALBERTO,6/5/2020
20770,20,CESAR,770,SAN MARTÍN,4/2/2020
20787,20,CESAR,787,TAMALAMEQUE,6/3/2020
27001,27,CHOCÓ,001,QUIBDÓ,3/23/2020
27006,27,CHOCÓ,006,ACANDÍ,6/22/2020
27025,27,CHOCÓ,025,ALTO BAUDÓ,5/26/2020
27050,27,CHOCÓ,050,ATRATO,5/1/2020
27073,27,CHOCÓ,073,BAGADÓ,5/12/2020
27075,27,CHOCÓ,075,BAHÍA SOLANO,5/2/2020
27077,27,CHOCÓ,077,BAJO BAUDÓ,6/13/2020
27099,27,CHOCÓ,099,BOJAYÁ,5/5/2020
27135,27,CHOCÓ,135,EL CANTÓN DEL SAN PABLO,5/30/2020
27150,27,CHOCÓ,150,CARMEN DEL DARIÉN,6/25/2020
27160,27,CHOCÓ,160,CÉRTEGUI,5/17/2020
27205,27,CHOCÓ,205,CONDOTO,5/20/2020
27245,27,CHOCÓ,245,EL CARMEN DE ATRATO,6/1/2020
27250,27,CHOCÓ,250,EL LITORAL DEL SAN JUAN,8/1/2020
27361,27,CHOCÓ,361,ISTMINA,5/3/2020
27413,27,CHOCÓ,413,LLORÓ,6/1/2020
27430,27,CHOCÓ,430,MEDIO BAUDÓ,5/2/2020
27450,27,CHOCÓ,450,MEDIO SAN JUAN,6/16/2020
27491,27,CHOCÓ,491,NÓVITA,6/23/2020
27495,27,CHOCÓ,495,NUQUÍ,7/2/2020
27580,27,CHOCÓ,580,RÍO IRÓ,5/2/2020
27600,27,CHOCÓ,600,RÍO QUITO,5/8/2020
27615,27,CHOCÓ,615,RIOSUCIO,6/14/2020
27787,27,CHOCÓ,787,TADÓ,5/8/2020
27800,27,CHOCÓ,800,UNGUÍA,5/18/2020
27810,27,CHOCÓ,810,UNIÓN PANAMERICANA,4/1/2020
23001,23,CÓRDOBA,001,MONTERÍA,3/15/2020
23068,23,CÓRDOBA,068,AYAPEL,4/6/2020
23079,23,CÓRDOBA,079,BUENAVISTA,5/30/2020
23090,23,CÓRDOBA,090,CANALETE,4/23/2020
23162,23,CÓRDOBA,162,CERETÉ,3/28/2020
23168,23,CÓRDOBA,168,CHIMÁ,5/18/2020
23182,23,CÓRDOBA,182,CHINÚ,5/14/2020
23189,23,CÓRDOBA,189,CIÉNAGA DE ORO,3/29/2020
23300,23,CÓRDOBA,300,COTORRA,5/29/2020
23350,23,CÓRDOBA,350,LA APARTADA,6/27/2020
23417,23,CÓRDOBA,417,LORICA,4/12/2020
23419,23,CÓRDOBA,419,LOS CÓRDOBAS,5/12/2020
23464,23,CÓRDOBA,464,MOMIL,6/22/2020
23466,23,CÓRDOBA,466,MONTELÍBANO,5/4/2020
23500,23,CÓRDOBA,500,MOÑITOS,6/10/2020
23555,23,CÓRDOBA,555,PLANETA RICA,5/2/2020
23570,23,CÓRDOBA,570,PUEBLO NUEVO,4/12/2020
23574,23,CÓRDOBA,574,PUERTO ESCONDIDO,5/31/2020
23580,23,CÓRDOBA,580,PUERTO LIBERTADOR,6/4/2020
23586,23,CÓRDOBA,586,PURÍSIMA DE LA CONCEPCIÓN,5/31/2020
23660,23,CÓRDOBA,660,SAHAGÚN,3/26/2020
23670,23,CÓRDOBA,670,SAN ANDRÉS DE SOTAVENTO,6/8/2020
23672,23,CÓRDOBA,672,SAN ANTERO,6/15/2020
23675,23,CÓRDOBA,675,SAN BERNARDO DEL VIENTO,5/21/2020
23678,23,CÓRDOBA,678,SAN CARLOS,6/5/2020
23682,23,CÓRDOBA,682,SAN JOSÉ DE URÉ,6/2/2020
23686,23,CÓRDOBA,686,SAN PELAYO,6/10/2020
23807,23,CÓRDOBA,807,TIERRALTA,3/30/2020
23815,23,CÓRDOBA,815,TUCHÍN,5/26/2020
23855,23,CÓRDOBA,855,VALENCIA,5/30/2020
25001,25,CUNDINAMARCA,001,AGUA DE DIOS,5/18/2020
25019,25,CUNDINAMARCA,019,ALBÁN,5/30/2020
25035,25,CUNDINAMARCA,035,ANAPOIMA,3/11/2020
25040,25,CUNDINAMARCA,040,ANOLAIMA,5/20/2020
25053,25,CUNDINAMARCA,053,ARBELÁEZ,7/7/2020
25086,25,CUNDINAMARCA,086,BELTRÁN,6/10/2020
25095,25,CUNDINAMARCA,095,BITUIMA,6/30/2020
25099,25,CUNDINAMARCA,099,BOJACÁ,6/8/2020
25120,25,CUNDINAMARCA,120,CABRERA,5/26/2020
25123,25,CUNDINAMARCA,123,CACHIPAY,5/30/2020
25126,25,CUNDINAMARCA,126,CAJICÁ,3/8/2020
25148,25,CUNDINAMARCA,148,CAPARRAPÍ,8/14/2020
25151,25,CUNDINAMARCA,151,CÁQUEZA,4/30/2020
25154,25,CUNDINAMARCA,154,CARMEN DE CARUPA,6/22/2020
25175,25,CUNDINAMARCA,175,CHÍA,3/10/2020
25178,25,CUNDINAMARCA,178,CHIPAQUE,4/29/2020
25181,25,CUNDINAMARCA,181,CHOACHÍ,3/25/2020
25183,25,CUNDINAMARCA,183,CHOCONTÁ,5/10/2020
25200,25,CUNDINAMARCA,200,COGUA,3/28/2020
25214,25,CUNDINAMARCA,214,COTA,3/14/2020
25224,25,CUNDINAMARCA,224,CUCUNUBÁ,6/6/2020
25245,25,CUNDINAMARCA,245,EL COLEGIO,4/3/2020
25258,25,CUNDINAMARCA,258,EL PEÑÓN,5/3/2020
25260,25,CUNDINAMARCA,260,EL ROSAL,5/28/2020
25269,25,CUNDINAMARCA,269,FACATATIVÁ,3/20/2020
25279,25,CUNDINAMARCA,279,FÓMEQUE,4/29/2020
25281,25,CUNDINAMARCA,281,FOSCA,7/10/2020
25286,25,CUNDINAMARCA,286,FUNZA,3/20/2020
25288,25,CUNDINAMARCA,288,FÚQUENE,6/28/2020
25290,25,CUNDINAMARCA,290,FUSAGASUGÁ,3/17/2020
25293,25,CUNDINAMARCA,293,GACHALÁ,7/3/2020
25295,25,CUNDINAMARCA,295,GACHANCIPÁ,5/3/2020
25297,25,CUNDINAMARCA,297,GACHETÁ,7/1/2020
25299,25,CUNDINAMARCA,299,GAMA,7/27/2020
25307,25,CUNDINAMARCA,307,GIRARDOT,5/2/2020
25312,25,CUNDINAMARCA,312,GRANADA,6/3/2020
25317,25,CUNDINAMARCA,317,GUACHETÁ,7/23/2020
25320,25,CUNDINAMARCA,320,GUADUAS,3/31/2020
25322,25,CUNDINAMARCA,322,GUASCA,6/15/2020
25324,25,CUNDINAMARCA,324,GUATAQUÍ,6/6/2020
25326,25,CUNDINAMARCA,326,GUATAVITA,5/31/2020
25335,25,CUNDINAMARCA,335,GUAYABETAL,8/1/2020
25372,25,CUNDINAMARCA,372,JUNÍN,5/11/2020
25377,25,CUNDINAMARCA,377,LA CALERA,3/20/2020
25386,25,CUNDINAMARCA,386,LA MESA,5/16/2020
25394,25,CUNDINAMARCA,394,LA PALMA,6/21/2020
25402,25,CUNDINAMARCA,402,LA VEGA,6/12/2020
25407,25,CUNDINAMARCA,407,LENGUAZAQUE,5/14/2020
25426,25,CUNDINAMARCA,426,MACHETÁ,5/25/2020
25430,25,CUNDINAMARCA,430,MADRID,3/14/2020
25436,25,CUNDINAMARCA,436,MANTA,5/17/2020
25473,25,CUNDINAMARCA,473,MOSQUERA,3/16/2020
25483,25,CUNDINAMARCA,483,NARIÑO,6/20/2020
25486,25,CUNDINAMARCA,486,NEMOCÓN,6/12/2020
25488,25,CUNDINAMARCA,488,NILO,5/10/2020
25489,25,CUNDINAMARCA,489,NIMAIMA,7/8/2020
25491,25,CUNDINAMARCA,491,NOCAIMA,7/31/2020
25506,25,CUNDINAMARCA,506,VENECIA,5/16/2020
25513,25,CUNDINAMARCA,513,PACHO,3/20/2020
25524,25,CUNDINAMARCA,524,PANDI,7/9/2020
25530,25,CUNDINAMARCA,530,PARATEBUENO,8/3/2020
25535,25,CUNDINAMARCA,535,PASCA,5/12/2020
25572,25,CUNDINAMARCA,572,PUERTO SALGAR,5/14/2020
25580,25,CUNDINAMARCA,580,PULÍ,8/30/2020
25592,25,CUNDINAMARCA,592,QUEBRADANEGRA,7/5/2020
25594,25,CUNDINAMARCA,594,QUETAME,6/25/2020
25596,25,CUNDINAMARCA,596,QUIPILE,8/21/2020
25599,25,CUNDINAMARCA,599,APULO,5/26/2020
25612,25,CUNDINAMARCA,612,RICAURTE,5/18/2020
25645,25,CUNDINAMARCA,645,SAN ANTONIO DEL TEQUENDAMA,5/10/2020
25649,25,CUNDINAMARCA,649,SAN BERNARDO,6/11/2020
25653,25,CUNDINAMARCA,653,SAN CAYETANO,8/31/2020
25658,25,CUNDINAMARCA,658,SAN FRANCISCO,5/11/2020
25662,25,CUNDINAMARCA,662,SAN JUAN DE RIOSECO,3/16/2020
25718,25,CUNDINAMARCA,718,SASAIMA,5/28/2020
25736,25,CUNDINAMARCA,736,SESQUILÉ,5/18/2020
25740,25,CUNDINAMARCA,740,SIBATÉ,4/18/2020
25743,25,CUNDINAMARCA,743,SILVANIA,4/28/2020
25745,25,CUNDINAMARCA,745,SIMIJACA,6/5/2020
25754,25,CUNDINAMARCA,754,SOACHA,3/11/2020
25758,25,CUNDINAMARCA,758,SOPÓ,3/17/2020
25769,25,CUNDINAMARCA,769,SUBACHOQUE,3/12/2020
25772,25,CUNDINAMARCA,772,SUESCA,3/29/2020
25777,25,CUNDINAMARCA,777,SUPATÁ,8/3/2020
25779,25,CUNDINAMARCA,779,SUSA,8/31/2020
25781,25,CUNDINAMARCA,781,SUTATAUSA,7/24/2020
25785,25,CUNDINAMARCA,785,TABIO,5/5/2020
25793,25,CUNDINAMARCA,793,TAUSA,7/1/2020
25797,25,CUNDINAMARCA,797,TENA,5/15/2020
25799,25,CUNDINAMARCA,799,TENJO,3/30/2020
25805,25,CUNDINAMARCA,805,TIBACUY,9/7/2020
25815,25,CUNDINAMARCA,815,TOCAIMA,5/30/2020
25817,25,CUNDINAMARCA,817,TOCANCIPÁ,3/14/2020
25839,25,CUNDINAMARCA,839,UBALÁ,6/18/2020
25841,25,CUNDINAMARCA,841,UBAQUE,5/20/2020
25843,25,CUNDINAMARCA,843,VILLA DE SAN DIEGO DE UBATÉ,3/28/2020
25845,25,CUNDINAMARCA,845,UNE,4/26/2020
25851,25,CUNDINAMARCA,851,ÚTICA,7/14/2020
25862,25,CUNDINAMARCA,862,VERGARA,7/25/2020
25867,25,CUNDINAMARCA,867,VIANÍ,5/29/2020
25873,25,CUNDINAMARCA,873,VILLAPINZÓN,3/15/2020
25875,25,CUNDINAMARCA,875,VILLETA,3/17/2020
25878,25,CUNDINAMARCA,878,VIOTÁ,5/22/2020
25885,25,CUNDINAMARCA,885,YACOPÍ,5/14/2020
25898,25,CUNDINAMARCA,898,ZIPACÓN,5/10/2020
25899,25,CUNDINAMARCA,899,ZIPAQUIRÁ,3/10/2020
94001,94,GUAINÍA,001,INÍRIDA,5/18/2020
94663,94,GUAINÍA,663,MAPIRIPANA,6/17/2020
94883,94,GUAINÍA,883,SAN FELIPE,6/12/2020
94884,94,GUAINÍA,884,PUERTO COLOMBIA,6/17/2020
95001,95,GUAVIARE,001,SAN JOSÉ DEL GUAVIARE,6/1/2020
95015,95,GUAVIARE,015,CALAMAR,7/27/2020
95025,95,GUAVIARE,025,EL RETORNO,8/8/2020
95200,95,GUAVIARE,200,MIRAFLORES,7/12/2020
05079,05,ANTIOQUIA,079,BARBOSA,4/15/2020
05088,05,ANTIOQUIA,088,BELLO,3/9/2020
05819,05,ANTIOQUIA,819,TOLEDO,7/11/2020
05887,05,ANTIOQUIA,887,YARUMAL,6/1/2020
41001,41,HUILA,001,NEIVA,3/6/2020
41006,41,HUILA,006,ACEVEDO,4/13/2020
41013,41,HUILA,013,AGRADO,3/26/2020
41016,41,HUILA,016,AIPE,4/13/2020
41020,41,HUILA,020,ALGECIRAS,4/23/2020
41026,41,HUILA,026,ALTAMIRA,7/8/2020
41132,41,HUILA,132,CAMPOALEGRE,5/8/2020
41244,41,HUILA,244,ELÍAS,7/22/2020
41298,41,HUILA,298,GARZÓN,3/19/2020
41306,41,HUILA,306,GIGANTE,3/30/2020
41319,41,HUILA,319,GUADALUPE,7/13/2020
41349,41,HUILA,349,HOBO,7/10/2020
41357,41,HUILA,357,ÍQUIRA,7/20/2020
41359,41,HUILA,359,ISNOS,4/11/2020
41378,41,HUILA,378,LA ARGENTINA,7/8/2020
41396,41,HUILA,396,LA PLATA,4/20/2020
41483,41,HUILA,483,NÁTAGA,3/30/2020
41503,41,HUILA,503,OPORAPA,4/18/2020
41518,41,HUILA,518,PAICOL,4/22/2020
41524,41,HUILA,524,PALERMO,3/18/2020
41530,41,HUILA,530,PALESTINA,5/14/2020
41548,41,HUILA,548,PITAL,7/1/2020
41551,41,HUILA,551,PITALITO,3/26/2020
41615,41,HUILA,615,RIVERA,3/5/2020
41660,41,HUILA,660,SALADOBLANCO,5/2/2020
41668,41,HUILA,668,SAN AGUSTÍN,3/14/2020
41676,41,HUILA,676,SANTA MARÍA,6/26/2020
41770,41,HUILA,770,SUAZA,7/8/2020
41791,41,HUILA,791,TARQUI,7/8/2020
41797,41,HUILA,797,TESALIA,8/7/2020
41801,41,HUILA,801,TERUEL,7/24/2020
41807,41,HUILA,807,TIMANÁ,4/4/2020
41885,41,HUILA,885,YAGUARÁ,3/25/2020
44001,44,LA GUAJIRA,001,RIOHACHA,3/14/2020
44035,44,LA GUAJIRA,035,ALBANIA,4/23/2020
44078,44,LA GUAJIRA,078,BARRANCAS,5/14/2020
44090,44,LA GUAJIRA,090,DIBULLA,5/9/2020
44098,44,LA GUAJIRA,098,DISTRACCIÓN,4/1/2020
44110,44,LA GUAJIRA,110,EL MOLINO,6/29/2020
44279,44,LA GUAJIRA,279,FONSECA,4/28/2020
44378,44,LA GUAJIRA,378,HATONUEVO,5/19/2020
44420,44,LA GUAJIRA,420,LA JAGUA DEL PILAR,7/3/2020
44430,44,LA GUAJIRA,430,MAICAO,4/22/2020
44560,44,LA GUAJIRA,560,MANAURE,4/30/2020
44650,44,LA GUAJIRA,650,SAN JUAN DEL CESAR,4/10/2020
44847,44,LA GUAJIRA,847,URIBIA,5/23/2020
44855,44,LA GUAJIRA,855,URUMITA,6/30/2020
44874,44,LA GUAJIRA,874,VILLANUEVA,6/24/2020
41078,41,HUILA,078,BARAYA,7/10/2020
47030,47,MAGDALENA,030,ALGARROBO,7/4/2020
47053,47,MAGDALENA,053,ARACATACA,5/8/2020
47058,47,MAGDALENA,058,ARIGUANÍ,5/25/2020
47161,47,MAGDALENA,161,CERRO DE SAN ANTONIO,5/15/2020
47170,47,MAGDALENA,170,CHIVOLO,6/28/2020
47189,47,MAGDALENA,189,CIÉNAGA,3/21/2020
47205,47,MAGDALENA,205,CONCORDIA,6/20/2020
47258,47,MAGDALENA,258,EL PIÑÓN,5/14/2020
47268,47,MAGDALENA,268,EL RETÉN,5/5/2020
47288,47,MAGDALENA,288,FUNDACIÓN,4/30/2020
47318,47,MAGDALENA,318,GUAMAL,6/17/2020
47460,47,MAGDALENA,460,NUEVA GRANADA,6/25/2020
47541,47,MAGDALENA,541,PEDRAZA,6/23/2020
47545,47,MAGDALENA,545,PIJIÑO DEL CARMEN,6/16/2020
47551,47,MAGDALENA,551,PIVIJAY,5/6/2020
47555,47,MAGDALENA,555,PLATO,6/6/2020
47570,47,MAGDALENA,570,PUEBLOVIEJO,4/13/2020
47605,47,MAGDALENA,605,REMOLINO,6/8/2020
47660,47,MAGDALENA,660,SABANAS DE SAN ÁNGEL,7/24/2020
47675,47,MAGDALENA,675,SALAMINA,7/24/2020
47692,47,MAGDALENA,692,SAN SEBASTIÁN DE BUENAVISTA,5/3/2020
47703,47,MAGDALENA,703,SAN ZENÓN,7/3/2020
47707,47,MAGDALENA,707,SANTA ANA,6/8/2020
47720,47,MAGDALENA,720,SANTA BÁRBARA DE PINTO,6/26/2020
47745,47,MAGDALENA,745,SITIONUEVO,5/3/2020
47798,47,MAGDALENA,798,TENERIFE,7/23/2020
47960,47,MAGDALENA,960,ZAPAYÁN,7/21/2020
47980,47,MAGDALENA,980,ZONA BANANERA,3/26/2020
47001,47,MAGDALENA,001,SANTA MARTA,2/29/2020
50001,50,META,001,VILLAVICENCIO,3/9/2020
50006,50,META,006,ACACÍAS,3/29/2020
50110,50,META,110,BARRANCA DE UPÍA,8/24/2020
50124,50,META,124,CABUYARO,5/13/2020
50150,50,META,150,CASTILLA LA NUEVA,6/26/2020
50223,50,META,223,CUBARRAL,7/7/2020
50226,50,META,226,CUMARAL,5/19/2020
50251,50,META,251,EL CASTILLO,7/2/2020
50270,50,META,270,EL DORADO,8/25/2020
50287,50,META,287,FUENTE DE ORO,7/18/2020
50313,50,META,313,GRANADA,4/14/2020
50318,50,META,318,GUAMAL,7/28/2020
50325,50,META,325,MAPIRIPÁN,7/3/2020
50330,50,META,330,MESETAS,6/25/2020
50350,50,META,350,LA MACARENA,7/28/2020
50370,50,META,370,URIBE,8/16/2020
50400,50,META,400,LEJANÍAS,8/8/2020
50450,50,META,450,PUERTO CONCORDIA,8/9/2020
50568,50,META,568,PUERTO GAITÁN,5/7/2020
50573,50,META,573,PUERTO LÓPEZ,5/3/2020
50577,50,META,577,PUERTO LLERAS,8/22/2020
50590,50,META,590,PUERTO RICO,8/21/2020
50606,50,META,606,RESTREPO,4/25/2020
50680,50,META,680,SAN CARLOS DE GUAROA,5/6/2020
50683,50,META,683,SAN JUAN DE ARAMA,4/28/2020
50689,50,META,689,SAN MARTÍN,6/16/2020
50711,50,META,711,VISTAHERMOSA,8/12/2020
52001,52,NARIÑO,001,PASTO,3/15/2020
52019,52,NARIÑO,019,ALBÁN,6/9/2020
52022,52,NARIÑO,022,ALDANA,5/24/2020
52036,52,NARIÑO,036,ANCUYA,4/23/2020
52051,52,NARIÑO,051,ARBOLEDA,5/25/2020
52079,52,NARIÑO,079,BARBACOAS,5/20/2020
52083,52,NARIÑO,083,BELÉN,4/14/2020
52110,52,NARIÑO,110,BUESACO,7/8/2020
52203,52,NARIÑO,203,COLÓN,5/30/2020
52207,52,NARIÑO,207,CONSACÁ,6/21/2020
52210,52,NARIÑO,210,CONTADERO,3/21/2020
52215,52,NARIÑO,215,CÓRDOBA,5/20/2020
52224,52,NARIÑO,224,CUASPUD CARLOSAMA,4/15/2020
52227,52,NARIÑO,227,CUMBAL,3/16/2020
52233,52,NARIÑO,233,CUMBITARA,3/19/2020
52240,52,NARIÑO,240,CHACHAGÜÍ,5/19/2020
52250,52,NARIÑO,250,EL CHARCO,5/14/2020
52254,52,NARIÑO,254,EL PEÑOL,6/2/2020
52256,52,NARIÑO,256,EL ROSARIO,8/21/2020
52260,52,NARIÑO,260,EL TAMBO,5/23/2020
52287,52,NARIÑO,287,FUNES,6/25/2020
52317,52,NARIÑO,317,GUACHUCAL,4/10/2020
52320,52,NARIÑO,320,GUAITARILLA,5/22/2020
52323,52,NARIÑO,323,GUALMATÁN,7/22/2020
52352,52,NARIÑO,352,ILES,7/21/2020
52354,52,NARIÑO,354,IMUÉS,5/23/2020
52356,52,NARIÑO,356,IPIALES,3/19/2020
52378,52,NARIÑO,378,LA CRUZ,5/6/2020
52381,52,NARIÑO,381,LA FLORIDA,4/24/2020
52385,52,NARIÑO,385,LA LLANADA,5/7/2020
52390,52,NARIÑO,390,LA TOLA,4/23/2020
52399,52,NARIÑO,399,LA UNIÓN,3/15/2020
52405,52,NARIÑO,405,LEIVA,6/30/2020
52411,52,NARIÑO,411,LINARES,4/27/2020
52418,52,NARIÑO,418,LOS ANDES,6/25/2020
52427,52,NARIÑO,427,MAGÜÍ,4/24/2020
52435,52,NARIÑO,435,MALLAMA,5/10/2020
52473,52,NARIÑO,473,MOSQUERA,4/15/2020
52480,52,NARIÑO,480,NARIÑO,5/23/2020
52490,52,NARIÑO,490,OLAYA HERRERA,5/15/2020
52506,52,NARIÑO,506,OSPINA,8/15/2020
52520,52,NARIÑO,520,FRANCISCO PIZARRO,5/8/2020
52540,52,NARIÑO,540,POLICARPA,8/10/2020
52560,52,NARIÑO,560,POTOSÍ,4/18/2020
52565,52,NARIÑO,565,PROVIDENCIA,8/24/2020
52573,52,NARIÑO,573,PUERRES,5/18/2020
52585,52,NARIÑO,585,PUPIALES,5/22/2020
52612,52,NARIÑO,612,RICAURTE,5/25/2020
52621,52,NARIÑO,621,ROBERTO PAYÁN,5/22/2020
52678,52,NARIÑO,678,SAMANIEGO,6/2/2020
52683,52,NARIÑO,683,SANDONÁ,5/27/2020
52685,52,NARIÑO,685,SAN BERNARDO,5/13/2020
52687,52,NARIÑO,687,SAN LORENZO,5/26/2020
52693,52,NARIÑO,693,SAN PABLO,5/10/2020
52694,52,NARIÑO,694,SAN PEDRO DE CARTAGO,7/3/2020
52696,52,NARIÑO,696,SANTA BÁRBARA,5/5/2020
52699,52,NARIÑO,699,SANTACRUZ,7/14/2020
52720,52,NARIÑO,720,SAPUYES,7/27/2020
52786,52,NARIÑO,786,TAMINANGO,5/29/2020
52788,52,NARIÑO,788,TANGUA,7/16/2020
52835,52,NARIÑO,835,SAN ANDRÉS DE TUMACO,3/20/2020
52838,52,NARIÑO,838,TÚQUERRES,4/12/2020
52885,52,NARIÑO,885,YACUANQUER,5/22/2020
54001,54,NORTE DE SANTANDER,001,SAN JOSÉ DE CÚCUTA,3/11/2020
54003,54,NORTE DE SANTANDER,003,ÁBREGO,4/23/2020
54051,54,NORTE DE SANTANDER,051,ARBOLEDAS,7/4/2020
54099,54,NORTE DE SANTANDER,099,BOCHALEMA,6/18/2020
54109,54,NORTE DE SANTANDER,109,BUCARASICA,7/23/2020
54125,54,NORTE DE SANTANDER,125,CÁCOTA,4/22/2020
54128,54,NORTE DE SANTANDER,128,CÁCHIRA,8/16/2020
54172,54,NORTE DE SANTANDER,172,CHINÁCOTA,7/3/2020
54174,54,NORTE DE SANTANDER,174,CHITAGÁ,6/17/2020
54206,54,NORTE DE SANTANDER,206,CONVENCIÓN,5/18/2020
54223,54,NORTE DE SANTANDER,223,CUCUTILLA,7/23/2020
54239,54,NORTE DE SANTANDER,239,DURANIA,6/28/2020
54245,54,NORTE DE SANTANDER,245,EL CARMEN,7/11/2020
54250,54,NORTE DE SANTANDER,250,EL TARRA,7/7/2020
54261,54,NORTE DE SANTANDER,261,EL ZULIA,5/5/2020
54313,54,NORTE DE SANTANDER,313,GRAMALOTE,7/4/2020
54344,54,NORTE DE SANTANDER,344,HACARÍ,7/28/2020
54347,54,NORTE DE SANTANDER,347,HERRÁN,8/8/2020
54377,54,NORTE DE SANTANDER,377,LABATECA,6/8/2020
54385,54,NORTE DE SANTANDER,385,LA ESPERANZA,6/29/2020
54398,54,NORTE DE SANTANDER,398,LA PLAYA,5/18/2020
54405,54,NORTE DE SANTANDER,405,LOS PATIOS,3/15/2020
54418,54,NORTE DE SANTANDER,418,LOURDES,7/21/2020
54480,54,NORTE DE SANTANDER,480,MUTISCUA,6/8/2020
54498,54,NORTE DE SANTANDER,498,OCAÑA,3/24/2020
54518,54,NORTE DE SANTANDER,518,PAMPLONA,4/13/2020
54520,54,NORTE DE SANTANDER,520,PAMPLONITA,6/13/2020
54553,54,NORTE DE SANTANDER,553,PUERTO SANTANDER,3/22/2020
54599,54,NORTE DE SANTANDER,599,RAGONVALIA,6/24/2020
54660,54,NORTE DE SANTANDER,660,SALAZAR,8/8/2020
54670,54,NORTE DE SANTANDER,670,SAN CALIXTO,7/10/2020
54673,54,NORTE DE SANTANDER,673,SAN CAYETANO,7/9/2020
54680,54,NORTE DE SANTANDER,680,SANTIAGO,6/15/2020
54720,54,NORTE DE SANTANDER,720,SARDINATA,6/11/2020
54743,54,NORTE DE SANTANDER,743,SILOS,6/8/2020
54800,54,NORTE DE SANTANDER,800,TEORAMA,6/29/2020
54810,54,NORTE DE SANTANDER,810,TIBÚ,4/22/2020
54820,54,NORTE DE SANTANDER,820,TOLEDO,4/22/2020
54871,54,NORTE DE SANTANDER,871,VILLA CARO,7/21/2020
54874,54,NORTE DE SANTANDER,874,VILLA DEL ROSARIO,3/14/2020
86001,86,PUTUMAYO,001,MOCOA,5/18/2020
86219,86,PUTUMAYO,219,COLÓN,5/12/2020
86320,86,PUTUMAYO,320,ORITO,5/14/2020
86568,86,PUTUMAYO,568,PUERTO ASÍS,5/3/2020
86569,86,PUTUMAYO,569,PUERTO CAICEDO,7/2/2020
86571,86,PUTUMAYO,571,PUERTO GUZMÁN,4/15/2020
86573,86,PUTUMAYO,573,PUERTO LEGUÍZAMO,4/29/2020
86749,86,PUTUMAYO,749,SIBUNDOY,7/6/2020
86757,86,PUTUMAYO,757,SAN MIGUEL,5/13/2020
86760,86,PUTUMAYO,760,SANTIAGO,6/25/2020
86865,86,PUTUMAYO,865,VALLE DEL GUAMUEZ,5/20/2020
86885,86,PUTUMAYO,885,VILLAGARZÓN,6/27/2020
63001,63,QUINDÍO,001,ARMENIA,3/8/2020
63111,63,QUINDÍO,111,BUENAVISTA,7/25/2020
63130,63,QUINDÍO,130,CALARCÁ,3/17/2020
63190,63,QUINDÍO,190,CIRCASIA,3/18/2020
63212,63,QUINDÍO,212,CÓRDOBA,4/29/2020
63272,63,QUINDÍO,272,FILANDIA,3/16/2020
63302,63,QUINDÍO,302,GÉNOVA,7/10/2020
63401,63,QUINDÍO,401,LA TEBAIDA,4/2/2020
63470,63,QUINDÍO,470,MONTENEGRO,3/13/2020
63548,63,QUINDÍO,548,PIJAO,8/5/2020
63594,63,QUINDÍO,594,QUIMBAYA,5/7/2020
63690,63,QUINDÍO,690,SALENTO,7/9/2020
05361,05,ANTIOQUIA,361,ITUANGO,5/2/2020
05543,05,ANTIOQUIA,543,PEQUE,7/3/2020
66001,66,RISARALDA,001,PEREIRA,3/4/2020
66045,66,RISARALDA,045,APÍA,7/16/2020
66075,66,RISARALDA,075,BALBOA,6/24/2020
66088,66,RISARALDA,088,BELÉN DE UMBRÍA,5/20/2020
66170,66,RISARALDA,170,DOSQUEBRADAS,3/10/2020
66383,66,RISARALDA,383,LA CELIA,6/8/2020
66400,66,RISARALDA,400,LA VIRGINIA,4/12/2020
66440,66,RISARALDA,440,MARSELLA,6/26/2020
66456,66,RISARALDA,456,MISTRATÓ,8/4/2020
66572,66,RISARALDA,572,PUEBLO RICO,6/6/2020
66682,66,RISARALDA,682,SANTA ROSA DE CABAL,3/21/2020
66687,66,RISARALDA,687,SANTUARIO,6/18/2020
68001,68,SANTANDER,001,BUCARAMANGA,3/12/2020
68013,68,SANTANDER,013,AGUADA,7/5/2020
68020,68,SANTANDER,020,ALBANIA,9/10/2020
68051,68,SANTANDER,051,ARATOCA,7/17/2020
68077,68,SANTANDER,077,BARBOSA,5/23/2020
68079,68,SANTANDER,079,BARICHARA,6/14/2020
68081,68,SANTANDER,081,BARRANCABERMEJA,3/22/2020
68092,68,SANTANDER,092,BETULIA,7/27/2020
68101,68,SANTANDER,101,BOLÍVAR,7/22/2020
68132,68,SANTANDER,132,CALIFORNIA,7/15/2020
68147,68,SANTANDER,147,CAPITANEJO,7/30/2020
68152,68,SANTANDER,152,CARCASÍ,7/21/2020
68160,68,SANTANDER,160,CEPITÁ,7/2/2020
68162,68,SANTANDER,162,CERRITO,8/11/2020
68167,68,SANTANDER,167,CHARALÁ,7/21/2020
68176,68,SANTANDER,176,CHIMA,7/26/2020
68179,68,SANTANDER,179,CHIPATÁ,7/27/2020
68190,68,SANTANDER,190,CIMITARRA,3/26/2020
68207,68,SANTANDER,207,CONCEPCIÓN,3/28/2020
68209,68,SANTANDER,209,CONFINES,7/11/2020
68211,68,SANTANDER,211,CONTRATACIÓN,8/6/2020
68217,68,SANTANDER,217,COROMORO,7/22/2020
68229,68,SANTANDER,229,CURITÍ,3/22/2020
68235,68,SANTANDER,235,EL CARMEN DE CHUCURÍ,7/12/2020
68245,68,SANTANDER,245,EL GUACAMAYO,7/30/2020
68250,68,SANTANDER,250,EL PEÑÓN,6/26/2020
68255,68,SANTANDER,255,EL PLAYÓN,7/10/2020
68264,68,SANTANDER,264,ENCINO,8/14/2020
68266,68,SANTANDER,266,ENCISO,8/30/2020
68271,68,SANTANDER,271,FLORIÁN,8/8/2020
68276,68,SANTANDER,276,FLORIDABLANCA,3/12/2020
68296,68,SANTANDER,296,GALÁN,6/29/2020
68298,68,SANTANDER,298,GÁMBITA,8/26/2020
68307,68,SANTANDER,307,GIRÓN,4/25/2020
68318,68,SANTANDER,318,GUACA,7/31/2020
68322,68,SANTANDER,322,GUAPOTÁ,3/27/2020
68324,68,SANTANDER,324,GUAVATÁ,7/14/2020
68327,68,SANTANDER,327,GÜEPSA,9/10/2020
68344,68,SANTANDER,344,HATO,7/6/2020
68377,68,SANTANDER,377,LA BELLEZA,6/1/2020
68385,68,SANTANDER,385,LANDÁZURI,7/8/2020
68397,68,SANTANDER,397,LA PAZ,5/28/2020
68406,68,SANTANDER,406,LEBRIJA,5/15/2020
68418,68,SANTANDER,418,LOS SANTOS,7/1/2020
68425,68,SANTANDER,425,MACARAVITA,8/29/2020
68432,68,SANTANDER,432,MÁLAGA,6/9/2020
68444,68,SANTANDER,444,MATANZA,7/6/2020
68464,68,SANTANDER,464,MOGOTES,7/2/2020
68468,68,SANTANDER,468,MOLAGAVITA,7/29/2020
68500,68,SANTANDER,500,OIBA,6/29/2020
68502,68,SANTANDER,502,ONZAGA,6/26/2020
68533,68,SANTANDER,533,PÁRAMO,7/13/2020
68547,68,SANTANDER,547,PIEDECUESTA,3/31/2020
68549,68,SANTANDER,549,PINCHOTE,7/10/2020
68572,68,SANTANDER,572,PUENTE NACIONAL,9/15/2020
68573,68,SANTANDER,573,PUERTO PARRA,6/20/2020
68575,68,SANTANDER,575,PUERTO WILCHES,6/12/2020
68615,68,SANTANDER,615,RIONEGRO,6/20/2020
68655,68,SANTANDER,655,SABANA DE TORRES,6/8/2020
68669,68,SANTANDER,669,SAN ANDRÉS,7/20/2020
68673,68,SANTANDER,673,SAN BENITO,7/15/2020
68679,68,SANTANDER,679,SAN GIL,6/12/2020
68682,68,SANTANDER,682,SAN JOAQUÍN,6/29/2020
68684,68,SANTANDER,684,SAN JOSÉ DE MIRANDA,7/12/2020
68689,68,SANTANDER,689,SAN VICENTE DE CHUCURÍ,6/3/2020
68705,68,SANTANDER,705,SANTA BÁRBARA,8/6/2020
68720,68,SANTANDER,720,SANTA HELENA DEL OPÓN,7/3/2020
68755,68,SANTANDER,755,SOCORRO,5/12/2020
68770,68,SANTANDER,770,SUAITA,6/8/2020
68773,68,SANTANDER,773,SUCRE,7/20/2020
68820,68,SANTANDER,820,TONA,7/19/2020
68855,68,SANTANDER,855,VALLE DE SAN JOSÉ,7/5/2020
68861,68,SANTANDER,861,VÉLEZ,7/5/2020
68867,68,SANTANDER,867,VETAS,7/30/2020
68872,68,SANTANDER,872,VILLANUEVA,5/5/2020
68895,68,SANTANDER,895,ZAPATOCA,7/7/2020
70001,70,SUCRE,001,SINCELEJO,3/20/2020
70110,70,SUCRE,110,BUENAVISTA,5/19/2020
70124,70,SUCRE,124,CAIMITO,6/4/2020
70204,70,SUCRE,204,COLOSÓ,6/4/2020
70215,70,SUCRE,215,COROZAL,5/18/2020
70221,70,SUCRE,221,COVEÑAS,6/12/2020
70230,70,SUCRE,230,CHALÁN,6/10/2020
70233,70,SUCRE,233,EL ROBLE,6/8/2020
70235,70,SUCRE,235,GALERAS,6/8/2020
70265,70,SUCRE,265,GUARANDA,6/6/2020
70400,70,SUCRE,400,LA UNIÓN,6/3/2020
70418,70,SUCRE,418,LOS PALMITOS,5/7/2020
70429,70,SUCRE,429,MAJAGUAL,6/5/2020
70473,70,SUCRE,473,MORROA,5/10/2020
70508,70,SUCRE,508,OVEJAS,6/13/2020
70523,70,SUCRE,523,PALMITO,6/3/2020
70670,70,SUCRE,670,SAMPUÉS,5/26/2020
70678,70,SUCRE,678,SAN BENITO ABAD,6/15/2020
70702,70,SUCRE,702,SAN JUAN DE BETULIA,5/28/2020
70708,70,SUCRE,708,SAN MARCOS,5/25/2020
70713,70,SUCRE,713,SAN ONOFRE,5/16/2020
70717,70,SUCRE,717,SAN PEDRO,5/29/2020
70742,70,SUCRE,742,SAN LUIS DE SINCÉ,5/8/2020
70771,70,SUCRE,771,SUCRE,5/27/2020
70820,70,SUCRE,820,SANTIAGO DE TOLÚ,6/2/2020
70823,70,SUCRE,823,SAN JOSÉ DE TOLUVIEJO,6/4/2020
05206,05,ANTIOQUIA,206,CONCEPCIÓN,7/1/2020
05212,05,ANTIOQUIA,212,COPACABANA,3/29/2020
05308,05,ANTIOQUIA,308,GIRARDOTA,5/29/2020
73001,73,TOLIMA,001,IBAGUÉ,3/10/2020
73026,73,TOLIMA,026,ALVARADO,7/27/2020
73030,73,TOLIMA,030,AMBALEMA,7/18/2020
73043,73,TOLIMA,043,ANZOÁTEGUI,6/30/2020
73055,73,TOLIMA,055,ARMERO,7/23/2020
73067,73,TOLIMA,067,ATACO,8/18/2020
73124,73,TOLIMA,124,CAJAMARCA,7/20/2020
73148,73,TOLIMA,148,CARMEN DE APICALÁ,7/21/2020
73152,73,TOLIMA,152,CASABIANCA,7/2/2020
73168,73,TOLIMA,168,CHAPARRAL,6/5/2020
73200,73,TOLIMA,200,COELLO,8/1/2020
73217,73,TOLIMA,217,COYAIMA,6/6/2020
73226,73,TOLIMA,226,CUNDAY,7/25/2020
73268,73,TOLIMA,268,ESPINAL,3/27/2020
73275,73,TOLIMA,275,FLANDES,5/7/2020
73283,73,TOLIMA,283,FRESNO,6/7/2020
73319,73,TOLIMA,319,GUAMO,4/14/2020
73347,73,TOLIMA,347,HERVEO,7/1/2020
73349,73,TOLIMA,349,HONDA,5/8/2020
73352,73,TOLIMA,352,ICONONZO,7/8/2020
73408,73,TOLIMA,408,LÉRIDA,6/19/2020
73411,73,TOLIMA,411,LÍBANO,5/11/2020
73443,73,TOLIMA,443,SAN SEBASTIÁN DE MARIQUITA,5/16/2020
73449,73,TOLIMA,449,MELGAR,3/3/2020
73504,73,TOLIMA,504,ORTEGA,7/8/2020
73520,73,TOLIMA,520,PALOCABILDO,7/25/2020
73547,73,TOLIMA,547,PIEDRAS,5/7/2020
73555,73,TOLIMA,555,PLANADAS,4/23/2020
73563,73,TOLIMA,563,PRADO,7/22/2020
73585,73,TOLIMA,585,PURIFICACIÓN,7/16/2020
73616,73,TOLIMA,616,RIOBLANCO,7/3/2020
73624,73,TOLIMA,624,ROVIRA,4/30/2020
73671,73,TOLIMA,671,SALDAÑA,7/4/2020
73675,73,TOLIMA,675,SAN ANTONIO,6/10/2020
73678,73,TOLIMA,678,SAN LUIS,5/3/2020
73770,73,TOLIMA,770,SUÁREZ,7/24/2020
73854,73,TOLIMA,854,VALLE DE SAN JUAN,7/18/2020
73861,73,TOLIMA,861,VENADILLO,7/19/2020
73870,73,TOLIMA,870,VILLAHERMOSA,8/15/2020
73873,73,TOLIMA,873,VILLARRICA,6/10/2020
76109,76,VALLE DEL CAUCA,109,BUENAVENTURA,3/23/2020
76001,76,VALLE DEL CAUCA,001,SANTIAGO DE CALI,3/2/2020
76020,76,VALLE DEL CAUCA,020,ALCALÁ,4/22/2020
76036,76,VALLE DEL CAUCA,036,ANDALUCÍA,3/28/2020
76041,76,VALLE DEL CAUCA,041,ANSERMANUEVO,6/2/2020
76054,76,VALLE DEL CAUCA,054,ARGELIA,5/7/2020
76100,76,VALLE DEL CAUCA,100,BOLÍVAR,7/16/2020
76111,76,VALLE DEL CAUCA,111,GUADALAJARA DE BUGA,3/1/2020
76113,76,VALLE DEL CAUCA,113,BUGALAGRANDE,4/1/2020
76122,76,VALLE DEL CAUCA,122,CAICEDONIA,6/10/2020
76126,76,VALLE DEL CAUCA,126,CALIMA,3/15/2020
76130,76,VALLE DEL CAUCA,130,CANDELARIA,3/23/2020
76147,76,VALLE DEL CAUCA,147,CARTAGO,3/7/2020
76233,76,VALLE DEL CAUCA,233,DAGUA,4/2/2020
76243,76,VALLE DEL CAUCA,243,EL ÁGUILA,6/17/2020
76246,76,VALLE DEL CAUCA,246,EL CAIRO,5/25/2020
76248,76,VALLE DEL CAUCA,248,EL CERRITO,3/25/2020
76250,76,VALLE DEL CAUCA,250,EL DOVIO,3/12/2020
76275,76,VALLE DEL CAUCA,275,FLORIDA,3/30/2020
76306,76,VALLE DEL CAUCA,306,GINEBRA,3/26/2020
76318,76,VALLE DEL CAUCA,318,GUACARÍ,3/26/2020
76364,76,VALLE DEL CAUCA,364,JAMUNDÍ,3/22/2020
76377,76,VALLE DEL CAUCA,377,LA CUMBRE,4/6/2020
76400,76,VALLE DEL CAUCA,400,LA UNIÓN,3/12/2020
76403,76,VALLE DEL CAUCA,403,LA VICTORIA,7/6/2020
76497,76,VALLE DEL CAUCA,497,OBANDO,5/21/2020
76520,76,VALLE DEL CAUCA,520,PALMIRA,3/7/2020
76563,76,VALLE DEL CAUCA,563,PRADERA,5/1/2020
76606,76,VALLE DEL CAUCA,606,RESTREPO,4/27/2020
76616,76,VALLE DEL CAUCA,616,RIOFRÍO,7/28/2020
76622,76,VALLE DEL CAUCA,622,ROLDANILLO,4/27/2020
76670,76,VALLE DEL CAUCA,670,SAN PEDRO,3/10/2020
76736,76,VALLE DEL CAUCA,736,SEVILLA,5/29/2020
76823,76,VALLE DEL CAUCA,823,TORO,7/12/2020
76828,76,VALLE DEL CAUCA,828,TRUJILLO,3/16/2020
76834,76,VALLE DEL CAUCA,834,TULUÁ,3/9/2020
76845,76,VALLE DEL CAUCA,845,ULLOA,3/20/2020
76863,76,VALLE DEL CAUCA,863,VERSALLES,6/28/2020
76869,76,VALLE DEL CAUCA,869,VIJES,4/13/2020
76890,76,VALLE DEL CAUCA,890,YOTOCO,4/2/2020
76892,76,VALLE DEL CAUCA,892,YUMBO,3/8/2020
76895,76,VALLE DEL CAUCA,895,ZARZAL,6/10/2020
97001,97,VAUPÉS,001,MITÚ,5/7/2020
97161,97,VAUPÉS,161,CARURÚ,8/27/2020
97666,97,VAUPÉS,666,TARAIRA,6/12/2020
97889,97,VAUPÉS,889,YAVARATÉ,5/26/2020
99001,99,VICHADA,001,PUERTO CARREÑO,5/29/2020
99524,99,VICHADA,524,LA PRIMAVERA,7/15/2020
99773,99,VICHADA,773,CUMARIBO,7/31/2020
27493,27,CHOCÓ,493,NUEVO BELÉN DE BAJIRÁ,1/1/2025
27425,27,CHOCÓ,425,MEDIO ATRATO,1/1/2025
27745,27,CHOCÓ,745,SIPÍ,1/1/2025
91536,91,AMAZONAS,536,PUERTO ARICA,1/1/2025
91263,91,AMAZONAS,263,EL ENCANTO,1/1/2025
91430,91,AMAZONAS,430,LA VICTORIA,1/1/2025
27660,27,CHOCÓ,660,SAN JOSÉ DEL PALMAR,1/1/2025
91530,91,AMAZONAS,530,PUERTO ALEGRÍA,1/1/2025
94888,94,GUAINÍA,888,MORICHAL,1/1/2025
91460,91,AMAZONAS,460,MIRITÍ - PARANÁ,1/1/2025
50245,50,META,245,EL CALVARIO,1/1/2025
50686,50,META,686,SAN JUANITO,1/1/2025
94887,94,GUAINÍA,887,PANA PANA,1/1/2025
94886,94,GUAINÍA,886,CACAHUAL,1/1/2025
94885,94,GUAINÍA,885,LA GUADALUPE,1/1/2025
27372,27,CHOCÓ,372,JURADÓ,1/1/2025
97511,97,VAUPÉS,511,PACOA,1/1/2025
15276,15,BOYACÁ,276,FLORESTA,1/1/2025
15839,15,BOYACÁ,839,TUTAZÁ,1/1/2025
15755,15,BOYACÁ,755,SOCOTÁ,1/1/2025
15114,15,BOYACÁ,114,BUSBANZÁ,1/1/2025
15092,15,BOYACÁ,092,BETÉITIVA,1/1/2025
15621,15,BOYACÁ,621,RONDÓN,1/1/2025
15762,15,BOYACÁ,762,SORA,1/1/2025
25807,25,CUNDINAMARCA,807,TIBIRITA,1/1/2025
97777,97,VAUPÉS,777,PAPUNAHUA,1/1/2025
25368,25,CUNDINAMARCA,368,JERUSALÉN,1/1/2025
86755,86,PUTUMAYO,755,SAN FRANCISCO,1/1/2025
15550,15,BOYACÁ,550,PISBA,1/1/2025
15377,15,BOYACÁ,377,LABRANZAGRANDE,1/1/2025
85300,85,CASANARE,300,SABANALARGA,1/1/2025
15236,15,BOYACÁ,236,CHIVOR,1/1/2025
15778,15,BOYACÁ,778,SUTATENZA,1/1/2025
15761,15,BOYACÁ,761,SOMONDOCO,1/1/2025
15172,15,BOYACÁ,172,CHINAVITA,1/1/2025
15022,15,BOYACÁ,022,ALMEIDA,1/1/2025
05483,05,ANTIOQUIA,483,NARIÑO,1/1/2025
05895,05,ANTIOQUIA,895,ZARAGOZA,6/23/2020
81220,81,ARAUCA,220,CRAVO NORTE,1/1/2025
81591,81,ARAUCA,591,PUERTO RONDÓN,1/1/2025
15514,15,BOYACÁ,514,PÁEZ,1/1/2025
15135,15,BOYACÁ,135,CAMPOHERMOSO,1/1/2025
15090,15,BOYACÁ,090,BERBEO,1/1/2025
15660,15,BOYACÁ,660,SAN EDUARDO,1/1/2025
85015,85,CASANARE,015,CHÁMEZA,1/1/2025
68370,68,SANTANDER,370,JORDÁN,1/1/2025
68121,68,SANTANDER,121,CABRERA,1/1/2025
73622,73,TOLIMA,622,RONCESVALLES,1/1/2025
73270,73,TOLIMA,270,FALAN,1/1/2025
68320,68,SANTANDER,320,GUADALUPE,1/1/2025
73461,73,TOLIMA,461,MURILLO,1/1/2025
68368,68,SANTANDER,368,JESÚS MARÍA,1/1/2025
25823,25,CUNDINAMARCA,823,TOPAIPÍ,1/1/2025
25871,25,CUNDINAMARCA,871,VILLAGÓMEZ,1/1/2025
25518,25,CUNDINAMARCA,518,PAIME,1/1/2025
15401,15,BOYACÁ,401,LA VICTORIA,1/1/2025
94343,94,GUAINÍA,343,BARRANCOMINAS,1/1/2025
25398,25,CUNDINAMARCA,398,LA PEÑA,1/1/2025
68780,68,SANTANDER,780,SURATÁ,1/1/2025
68169,68,SANTANDER,169,CHARTA,1/1/2025
25339,25,CUNDINAMARCA,339,GUTIÉRREZ,1/1/2025
15673,15,BOYACÁ,673,SAN MATEO,1/1/2025
15332,15,BOYACÁ,332,GÜICÁN DE LA SIERRA,1/1/2025
68745,68,SANTANDER,745,SIMACOTA,1/1/2025
68524,68,SANTANDER,524,PALMAS DEL SOCORRO,1/1/2025
68522,68,SANTANDER,522,PALMAR,1/1/2025
85400,85,CASANARE,400,TÁMARA,1/1/2025
85225,85,CASANARE,225,NUNCHÍA,1/1/2025
25168,25,CUNDINAMARCA,168,CHAGUANÍ,1/1/2025
85136,85,CASANARE,136,LA SALINA,1/1/2025
68686,68,SANTANDER,686,SAN MIGUEL,1/1/2025
25328,25,CUNDINAMARCA,328,GUAYABAL DE SÍQUIMA,1/1/2025
52258,52,NARIÑO,258,EL TABLÓN DE GÓMEZ,1/1/2025
68498,68,SANTANDER,498,OCAMONTE,1/1/2025
25438,25,CUNDINAMARCA,438,MEDINA,1/1/2025
19022,19,CAUCA,022,ALMAGUER,1/1/2025
19693,19,CAUCA,693,SAN SEBASTIÁN,1/1/2025
73686,73,TOLIMA,686,SANTA ISABEL,1/1/2025
99624,99,VICHADA,624,SANTA ROSALÍA,1/1/2025